{
  "v": "5.7.4",
  "fr": 60,
  "ip": 0,
  "op": 180,
  "w": 512,
  "h": 512,
  "nm": "Success Check",
  "ddd": 0,
  "assets": [],
  "layers": [
    {
      "ddd": 0,
      "ind": 1,
      "ty": 4,
      "nm": "Check Mark",
      "sr": 1,
      "ks": {
        "o": { "a": 0, "k": 100 },
        "r": { "a": 0, "k": 0 },
        "p": { "a": 0, "k": [256, 256, 0] },
        "a": { "a": 0, "k": [0, 0, 0] },
        "s": { "a": 0, "k": [100, 100, 100] }
      },
      "ao": 0,
      "shapes": [
        {
          "ty": "gr",
          "it": [
            {
              "ind": 0,
              "ty": "sh",
              "ix": 1,
              "ks": {
                "a": 0,
                "k": {
                  "i": [[0, 0], [0, 0], [0, 0]],
                  "o": [[0, 0], [0, 0], [0, 0]],
                  "v": [[-100, 0], [-33.333, 66.667], [100, -66.667]],
                  "c": false
                }
              },
              "nm": "Path 1",
              "mn": "ADBE Vector Shape - Group"
            },
            {
              "ty": "st",
              "c": { "a": 0, "k": [0.2, 0.8, 0.4, 1] },
              "o": { "a": 0, "k": 100 },
              "w": { "a": 0, "k": 32 },
              "lc": 2,
              "lj": 2,
              "bm": 0,
              "nm": "Stroke 1",
              "mn": "ADBE Vector Graphic - Stroke"
            },
            {
              "ty": "tr",
              "p": { "a": 0, "k": [0, 0] },
              "a": { "a": 0, "k": [0, 0] },
              "s": { "a": 0, "k": [100, 100] },
              "r": { "a": 0, "k": 0 },
              "o": { "a": 0, "k": 100 },
              "sk": { "a": 0, "k": 0 },
              "sa": { "a": 0, "k": 0 }
            }
          ],
          "nm": "Check",
          "np": 2,
          "cix": 2,
          "bm": 0,
          "ix": 1,
          "mn": "ADBE Vector Group"
        },
        {
          "ty": "tm",
          "s": {
            "a": 1,
            "k": [
              { "i": { "x": [0.667], "y": [1] }, "o": { "x": [0.333], "y": [0] }, "t": 0, "s": [0] },
              { "t": 60, "s": [100] }
            ]
          },
          "e": {
            "a": 1,
            "k": [
              { "i": { "x": [0.667], "y": [1] }, "o": { "x": [0.333], "y": [0] }, "t": 0, "s": [0] },
              { "t": 60, "s": [100] }
            ]
          },
          "o": { "a": 0, "k": 0 },
          "m": 1,
          "nm": "Trim Paths 1",
          "mn": "ADBE Vector Filter - Trim"
        }
      ],
      "ip": 0,
      "op": 180,
      "st": 0,
      "bm": 0
    }
  ]
}